{"cameraMode":{"drawMode":0,"name":"Shaded","section":"Shading Mode"},"sceneLighting":true,"audioPlay":false,"sceneViewState":{"showFog":true,"showMaterialUpdate":true,"showSkybox":false,"showFlares":true,"showImageEffects":true,"showParticleSystems":true},"in2DMode":false,"pivot":{"x":-5.1168060302734379,"y":225.39410400390626,"z":-241.43650817871095},"rotation":{"x":0.14938199520111085,"y":0.442905068397522,"z":-0.07512948662042618,"w":0.8808380961418152},"size":1315.401123046875,"orthographic":false}