{"cameraMode":{"drawMode":0,"name":"Shaded","section":"Shading Mode"},"sceneLighting":true,"audioPlay":false,"sceneViewState":{"showFog":true,"showMaterialUpdate":true,"showSkybox":true,"showFlares":true,"showImageEffects":true,"showParticleSystems":true},"in2DMode":false,"pivot":{"x":-44.82278060913086,"y":136.28660583496095,"z":57.423980712890628},"rotation":{"x":-0.016486864537000657,"y":0.03988952189683914,"z":0.0006438923883251846,"w":0.9990679025650024},"size":323.8898010253906,"orthographic":false}